<?xml version="1.0"?>
<!--<!DOCTYPE metadata SYSTEM "http://www.esri.com/metadata/esriprof80.dtd">-->
<metadata xml:lang="en"><Esri><MetaID>{EEC72D79-6174-480B-BC55-33A53A5861D2}</MetaID><CreaDate>20050708</CreaDate><CreaTime>14212700</CreaTime><SyncOnce>TRUE</SyncOnce><DataProperties><lineage><Process Name="Create Feature Class" ToolSource="C:\Program Files\ArcGIS\ArcToolbox\Toolboxes\Data Management Tools.tbx\CreateFeatureclass" Date="20050708" Time="142127">CreateFeatureclass C:\robot roads # gmu_roads_Clip_Layer SAME_AS_TEMPLATE SAME_AS_TEMPLATE "PROJCS['NAD_1983_HARN_StatePlane_Virginia_North_FIPS_4501_Feet',GEOGCS['GCS_North_American_1983_HARN',DATUM['D_North_American_1983_HARN',SPHEROID['GRS_1980',6378137.0,298.257222101]],PRIMEM['Greenwich',0.0],UNIT['Degree',0.0174532925199433]],PROJECTION['Lambert_Conformal_Conic'],PARAMETER['False_Easting',11482916.66666666],PARAMETER['False_Northing',6561666.666666666],PARAMETER['Central_Meridian',-78.5],PARAMETER['Standard_Parallel_1',38.03333333333333],PARAMETER['Standard_Parallel_2',39.2],PARAMETER['Latitude_Of_Origin',37.66666666666666],UNIT['Foot_US',0.3048006096012192]];11553843.092672 6715894.842672 3906.249996;0.000000 100000.000000;0.000000 100000.000000" # 0 0 0 C:\robot\roads.shp</Process><Process Name="Append" ToolSource="C:\Program Files\ArcGIS\ArcToolbox\Toolboxes\Data Management Tools.tbx\Append" Date="20050708" Time="142127">Append gmu_roads_Clip_Layer C:\robot\roads.shp TEST C:\robot\roads.shp</Process><Process Name="FeatureClassToFeatureClass_6" ToolSource="C:\Program Files\ArcGIS\ArcToolbox\Toolboxes\Conversion Tools.tbx\FeatureClassToFeatureClass" Date="20050708" Time="142127">FeatureClassToFeatureClass C:\pmfmaker\GMU_Robot.mdb\gmu_roads_Clip C:\robot roads # "TRMAJTYPE TRMAJTYPE VISIBLE;FFX_OBJECTID FFX_OBJECT VISIBLE;Shape_Length Shape_Leng VISIBLE;Shape_Area Shape_Area VISIBLE" SAME_AS_TEMPLATE SAME_AS_TEMPLATE # 0 C:\robot\roads.shp</Process></lineage></DataProperties></Esri></metadata>
